asset,MSTR,NVDA,PLTR,S,TSLA
MSTR,2.351894862293276,0.20015679990257812,0.31404904128917344,0.6746706807039774,0.060455751067405535
NVDA,0.20015679990257812,0.5317889055222715,0.15438665059234263,0.2690964279091597,0.06160451497491451
PLTR,0.31404904128917344,0.15438665059234263,0.3088069625169884,0.23019669608419246,0.050557961690170725
S,0.6746706807039774,0.2690964279091597,0.23019669608419246,0.802258800360245,0.1007402802546894
TSLA,0.060455751067405535,0.06160451497491451,0.050557961690170725,0.1007402802546894,0.18351891580806912
