asset,MSTR,NVDA,PLTR,S,TSLA
MSTR,0.7018172255543494,0.07883756883762276,-0.0001803700398817988,0.02478035019630605,-0.036123080318744956
NVDA,0.07883756883762276,0.15439882625143714,0.05900652803139064,0.08487329056229109,0.037026374935594485
PLTR,-0.0001803700398817988,0.05900652803139064,0.140687379519579,0.09708877788244548,0.0145627327799211
S,0.02478035019630605,0.08487329056229109,0.09708877788244548,0.2521957676868774,0.10329648953038209
TSLA,-0.036123080318744956,0.037026374935594485,0.0145627327799211,0.10329648953038209,0.29677054052945556
