asset,MSTR,NVDA,PLTR,S,TSLA
MSTR,0.7676894679723618,0.10528723195399747,0.027560354067267458,0.14506437618326745,-0.06250736219303377
NVDA,0.10528723195399747,0.30758503431105055,0.0739480791957935,-0.09347413070202591,0.14914402075429742
PLTR,0.027560354067267458,0.0739480791957935,0.21073434787600057,0.034415195559375646,0.029449733046086054
S,0.14506437618326745,-0.09347413070202591,0.034415195559375646,0.20168551504424664,-0.057619358923936013
TSLA,-0.06250736219303377,0.14914402075429742,0.029449733046086054,-0.057619358923936013,0.38836378276531835
