asset,MSTR,NVDA,PLTR,S,TSLA
MSTR,0.41954307358604775,0.05604262995558177,0.03705354795470473,0.0019014692415248021,0.12811640089998247
NVDA,0.05604262995558177,0.11467208937041028,0.08006881202023307,0.04121540182637852,0.08912823701349484
PLTR,0.03705354795470473,0.08006881202023307,0.13198297925144015,0.07147717902550108,0.06161080417756524
S,0.0019014692415248021,0.04121540182637852,0.07147717902550108,0.32586583797083596,0.019284607246445228
TSLA,0.12811640089998247,0.08912823701349484,0.06161080417756524,0.019284607246445228,0.09471353542328616
