asset,MSTR,NVDA,PLTR,S,TSLA
MSTR,1.593012026534594,0.1058765742863745,0.11434712543805241,0.1529516513299602,0.18352231312410433
NVDA,0.1058765742863745,0.1501333621511256,0.02046502676758612,0.07395169465892557,0.03207465676080253
PLTR,0.11434712543805241,0.02046502676758612,0.22539541069878855,0.05132698246382677,0.04998807408241131
S,0.1529516513299602,0.07395169465892557,0.05132698246382677,0.4471295669627321,-0.0032755952207158
TSLA,0.18352231312410433,0.03207465676080253,0.04998807408241131,-0.0032755952207158,0.21387399472883958
