asset,MSTR,NVDA,PLTR,S,TSLA
MSTR,1.3735914898470272,0.3733941029290286,0.3459197643569926,0.19811121347676652,0.04038142120412828
NVDA,0.3733941029290286,0.36803361200636137,0.22154423076833357,0.08042035061539701,0.016340895009109742
PLTR,0.3459197643569926,0.22154423076833357,0.5400254793030098,0.0789873135460395,0.17909555292389787
S,0.19811121347676652,0.08042035061539701,0.0789873135460395,0.09503699401681712,0.05263194941749992
TSLA,0.04038142120412828,0.016340895009109742,0.17909555292389787,0.05263194941749992,0.5907763375664141
