asset,MSTR,NVDA,PLTR,S,TSLA
MSTR,0.7593000250721935,0.3134994921265314,0.24983648228468555,0.1407483005715729,0.28782354424603007
NVDA,0.3134994921265314,0.41377979930161723,0.1177083258142689,0.08605246942661302,0.18979492380115867
PLTR,0.24983648228468555,0.1177083258142689,0.29387292475864013,0.009230153940362392,0.07887377606611837
S,0.1407483005715729,0.08605246942661302,0.009230153940362392,0.09347152489706737,0.05668014456433167
TSLA,0.28782354424603007,0.18979492380115867,0.07887377606611837,0.05668014456433167,0.33187780438485615
