asset,MSTR,NVDA,PLTR,S,TSLA
MSTR,0.6500358920043715,0.013626077310923149,0.035311745721157584,0.14360613598248467,0.005197354193620741
NVDA,0.013626077310923149,0.24060155630790148,-0.058491561916142444,0.09490300759487061,-0.04162869517142358
PLTR,0.035311745721157584,-0.058491561916142444,0.11176636576462663,-0.031114909299592736,-0.0011372135362605746
S,0.14360613598248467,0.09490300759487061,-0.031114909299592736,0.39157249760966245,0.019919968552581425
TSLA,0.005197354193620741,-0.04162869517142358,-0.0011372135362605746,0.019919968552581425,0.16778406339992133
