asset,MSTR,NVDA,PLTR,S,TSLA
MSTR,1.5235164947713542,0.034069251883921535,0.19537441922616913,0.028638664439988266,0.2801473971084148
NVDA,0.034069251883921535,0.11872920276636953,0.03158203430686235,0.050084064992978364,-0.019513031197644172
PLTR,0.19537441922616913,0.03158203430686235,0.11265772386561322,0.026816505206408773,0.06765451883896419
S,0.028638664439988266,0.050084064992978364,0.026816505206408773,0.12593602912142157,0.04729740017989891
TSLA,0.2801473971084148,-0.019513031197644172,0.06765451883896419,0.04729740017989891,0.20263170161774738
