asset,MSTR,NVDA,PLTR,S,TSLA
MSTR,0.8616000909541207,0.014443310643858401,0.1776846028966291,0.1442135384307546,0.05431177117265833
NVDA,0.014443310643858401,0.11071172347630409,-0.04488879178820084,0.02867695788351666,-0.0030190993792792923
PLTR,0.1776846028966291,-0.04488879178820084,1.0818628915982065,0.1146945848444619,0.19574648497035008
S,0.1442135384307546,0.02867695788351666,0.1146945848444619,0.16425607177292656,0.08117273179115059
TSLA,0.05431177117265833,-0.0030190993792792923,0.19574648497035008,0.08117273179115059,0.347033832718573
