asset,MSTR,NVDA,PLTR,S,TSLA
MSTR,1.2947726852607717,0.05962718911327043,0.24141189677762495,0.11768349195676327,0.5706017665940776
NVDA,0.05962718911327043,0.13223461466015074,0.09057493805839599,0.10562793817498461,0.06332894068336355
PLTR,0.24141189677762495,0.09057493805839599,0.7838685533929336,0.055250091641298286,0.3753415950233556
S,0.11768349195676327,0.10562793817498461,0.055250091641298286,0.1411132012031358,0.15676470608030935
TSLA,0.5706017665940776,0.06332894068336355,0.3753415950233556,0.15676470608030935,1.0032208207649067
