asset,MSTR,NVDA,PLTR,S,TSLA
MSTR,0.8944205598933748,0.37287893112073855,0.34980306092875135,0.34292231137408524,0.2501759974483395
NVDA,0.37287893112073855,0.6729208811057592,0.3432035432836719,0.2209202474117757,0.47875568285923803
PLTR,0.34980306092875135,0.3432035432836719,0.4545566899001712,0.19464210879889618,0.31798620566925906
S,0.34292231137408524,0.2209202474117757,0.19464210879889618,0.3536278007047382,0.20553845385227948
TSLA,0.2501759974483395,0.47875568285923803,0.31798620566925906,0.20553845385227948,0.5932062893841794
